request_id,default_payment_next_month
req_000001,0
req_000002,0
req_000003,0
req_000004,0
req_000005,1
req_000006,1
req_000007,0
req_000008,0
req_000009,0
req_000010,0
req_000011,0
req_000012,0
req_000013,0
req_000014,0
req_000015,0
req_000016,0
req_000017,0
req_000018,0
req_000019,0
req_000020,1
req_000021,0
req_000022,0
req_000023,0
req_000024,1
req_000025,0
req_000026,0
req_000027,0
req_000028,1
req_000029,0
req_000030,0
req_000031,0
req_000032,0
req_000033,0
req_000034,1
req_000035,1
req_000036,0
req_000037,0
req_000038,1
req_000039,0
req_000040,0
req_000041,0
req_000042,1
req_000043,1
req_000044,0
req_000045,1
req_000046,1
req_000047,0
req_000048,0
req_000049,0
req_000050,0
req_000051,0
req_000052,0
req_000053,0
req_000054,0
req_000055,1
req_000056,0
req_000057,1
req_000058,0
req_000059,0
req_000060,0
req_000061,0
req_000062,1
req_000063,0
req_000064,0
req_000065,0
req_000066,0
req_000067,0
req_000068,1
req_000069,0
req_000070,0
req_000071,0
req_000072,0
req_000073,0
req_000074,0
req_000075,0
req_000076,0
req_000077,0
req_000078,0
req_000079,0
req_000080,0
req_000081,0
req_000082,0
req_000083,0
req_000084,0
req_000085,0
req_000086,0
req_000087,0
req_000088,0
req_000089,0
req_000090,0
req_000091,0
req_000092,0
req_000093,0
req_000094,1
req_000095,0
req_000096,0
req_000097,1
req_000098,1
req_000099,1
req_000100,1
req_000101,0
req_000102,0
req_000103,0
req_000104,1
req_000105,1
req_000106,0
req_000107,1
req_000108,0
req_000109,0
req_000110,0
req_000111,1
req_000112,1
req_000113,0
req_000114,0
req_000115,0
req_000116,0
req_000117,0
req_000118,0
req_000119,0
req_000120,0
req_000121,0
req_000122,0
req_000123,0
req_000124,0
req_000125,0
req_000126,1
req_000127,0
req_000128,1
req_000129,0
req_000130,0
req_000131,1
req_000132,0
req_000133,1
req_000134,0
req_000135,0
req_000136,0
req_000137,0
req_000138,1
req_000139,0
req_000140,0
req_000141,0
req_000142,0
req_000143,1
req_000144,0
req_000145,0
req_000146,0
req_000147,0
req_000148,0
req_000149,0
req_000150,0
req_000151,0
req_000152,0
req_000153,1
req_000154,1
req_000155,1
req_000156,0
req_000157,1
req_000158,1
req_000159,0
req_000160,1
req_000161,1
req_000162,0
req_000163,0
req_000164,1
req_000165,1
req_000166,0
req_000167,0
req_000168,0
req_000169,0
req_000170,1
req_000171,0
req_000172,1
req_000173,1
req_000174,0
req_000175,0
req_000176,0
req_000177,0
req_000178,1
req_000179,0
req_000180,0
req_000181,0
req_000182,0
req_000183,0
req_000184,0
req_000185,1
req_000186,0
req_000187,0
req_000188,0
req_000189,0
req_000190,1
req_000191,0
req_000192,0
req_000193,0
req_000194,0
req_000195,0
req_000196,0
req_000197,0
req_000198,0
req_000199,0
req_000200,0
req_000201,1
req_000202,0
req_000203,0
req_000204,0
req_000205,1
req_000206,1
req_000207,0
req_000208,1
req_000209,0
req_000210,1
req_000211,0
req_000212,0
req_000213,1
req_000214,1
req_000215,0
req_000216,0
req_000217,0
req_000218,0
req_000219,0
req_000220,1
req_000221,0
req_000222,0
req_000223,0
req_000224,1
req_000225,1
req_000226,0
req_000227,0
req_000228,0
req_000229,0
req_000230,0
req_000231,0
req_000232,1
req_000233,0
req_000234,0
req_000235,0
req_000236,0
req_000237,0
req_000238,0
req_000239,0
req_000240,1
req_000241,0
req_000242,0
req_000243,0
req_000244,0
req_000245,0
req_000246,1
req_000247,0
req_000248,1
req_000249,0
req_000250,0
req_000251,0
req_000252,1
req_000253,0
req_000254,0
req_000255,0
req_000256,0
req_000257,1
req_000258,0
req_000259,0
req_000260,0
req_000261,0
req_000262,0
req_000263,0
req_000264,0
req_000265,0
req_000266,0
req_000267,0
req_000268,1
req_000269,0
req_000270,0
req_000271,1
req_000272,1
req_000273,0
req_000274,0
req_000275,0
req_000276,0
req_000277,0
req_000278,0
req_000279,0
req_000280,0
req_000281,0
req_000282,1
req_000283,1
req_000284,0
req_000285,0
req_000286,0
req_000287,0
req_000288,1
req_000289,0
req_000290,0
req_000291,1
req_000292,0
req_000293,1
req_000294,0
req_000295,0
req_000296,0
req_000297,0
req_000298,1
req_000299,0
req_000300,0
req_000301,1
req_000302,0
req_000303,0
req_000304,0
req_000305,0
req_000306,0
req_000307,1
req_000308,1
req_000309,0
req_000310,0
req_000311,0
req_000312,1
req_000313,0
req_000314,0
req_000315,0
req_000316,1
req_000317,0
req_000318,0
req_000319,1
req_000320,0
req_000321,0
req_000322,0
req_000323,0
req_000324,0
req_000325,0
req_000326,1
req_000327,0
req_000328,0
req_000329,0
req_000330,0
req_000331,0
req_000332,1
req_000333,0
req_000334,1
req_000335,0
req_000336,0
req_000337,0
req_000338,1
req_000339,0
req_000340,0
req_000341,0
req_000342,0
req_000343,0
req_000344,0
req_000345,0
req_000346,0
req_000347,0
req_000348,0
req_000349,1
req_000350,0
req_000351,0
req_000352,1
req_000353,0
req_000354,1
req_000355,0
req_000356,0
req_000357,1
req_000358,0
req_000359,0
req_000360,1
req_000361,1
req_000362,0
req_000363,0
req_000364,1
req_000365,0
req_000366,0
req_000367,0
req_000368,1
req_000369,0
req_000370,0
req_000371,0
req_000372,0
req_000373,0
req_000374,0
req_000375,1
req_000376,0
req_000377,0
req_000378,0
req_000379,1
req_000380,0
req_000381,0
req_000382,0
req_000383,1
req_000384,0
req_000385,0
req_000386,0
req_000387,0
req_000388,0
req_000389,0
req_000390,0
req_000391,0
req_000392,0
req_000393,1
req_000394,0
req_000395,0
req_000396,0
req_000397,0
req_000398,0
req_000399,1
req_000400,0
req_000401,1
req_000402,0
req_000403,0
req_000404,0
req_000405,0
req_000406,0
req_000407,0
req_000408,0
req_000409,1
req_000410,1
req_000411,0
req_000412,0
req_000413,0
req_000414,0
req_000415,1
req_000416,0
req_000417,0
req_000418,0
req_000419,0
req_000420,0
req_000421,0
req_000422,1
req_000423,1
req_000424,0
req_000425,1
req_000426,0
req_000427,0
req_000428,1
req_000429,0
req_000430,0
req_000431,1
req_000432,1
req_000433,0
req_000434,0
req_000435,0
req_000436,0
req_000437,0
req_000438,0
req_000439,1
req_000440,0
req_000441,0
req_000442,0
req_000443,0
req_000444,1
req_000445,0
req_000446,0
req_000447,0
req_000448,0
req_000449,1
req_000450,0
req_000451,0
req_000452,0
req_000453,0
req_000454,0
req_000455,1
req_000456,0
req_000457,0
req_000458,0
req_000459,1
req_000460,0
req_000461,1
req_000462,0
req_000463,0
req_000464,0
req_000465,0
req_000466,0
req_000467,0
req_000468,0
req_000469,0
req_000470,0
req_000471,1
req_000472,0
req_000473,0
req_000474,0
req_000475,0
req_000476,1
req_000477,1
req_000478,0
req_000479,0
req_000480,0
req_000481,0
req_000482,0
req_000483,0
req_000484,0
req_000485,0
req_000486,0
req_000487,0
req_000488,0
req_000489,0
req_000490,0
req_000491,0
req_000492,0
req_000493,0
req_000494,1
req_000495,0
req_000496,1
req_000497,0
req_000498,0
req_000499,0
req_000500,0
req_000501,0
req_000502,0
req_000503,0
req_000504,0
req_000505,0
req_000506,0
req_000507,0
req_000508,1
req_000509,0
req_000510,0
req_000511,0
req_000512,0
req_000513,0
req_000514,0
req_000515,0
req_000516,1
req_000517,0
req_000518,0
req_000519,0
req_000520,0
req_000521,1
req_000522,1
req_000523,0
req_000524,0
req_000525,0
req_000526,1
req_000527,0
req_000528,0
req_000529,0
req_000530,0
req_000531,0
req_000532,1
req_000533,1
req_000534,0
req_000535,0
req_000536,0
req_000537,1
req_000538,0
req_000539,1
req_000540,0
req_000541,0
req_000542,1
req_000543,0
req_000544,1
req_000545,1
req_000546,1
req_000547,0
req_000548,1
req_000549,1
req_000550,0
req_000551,0
req_000552,0
req_000553,0
req_000554,0
req_000555,1
req_000556,0
req_000557,1
req_000558,0
req_000559,0
req_000560,0
req_000561,0
req_000562,0
req_000563,0
req_000564,0
req_000565,0
req_000566,0
req_000567,0
req_000568,0
req_000569,1
req_000570,1
req_000571,0
req_000572,0
req_000573,0
req_000574,1
req_000575,0
req_000576,1
req_000577,0
req_000578,0
req_000579,0
req_000580,0
req_000581,0
req_000582,0
req_000583,0
req_000584,1
req_000585,0
req_000586,0
req_000587,0
req_000588,0
req_000589,0
req_000590,0
req_000591,0
req_000592,0
req_000593,0
req_000594,0
req_000595,0
req_000596,0
req_000597,0
req_000598,0
req_000599,1
req_000600,1
req_000601,0
req_000602,0
req_000603,0
req_000604,0
req_000605,1
req_000606,0
req_000607,0
req_000608,1
req_000609,0
req_000610,0
req_000611,1
req_000612,0
req_000613,0
req_000614,0
req_000615,0
req_000616,1
req_000617,1
req_000618,0
req_000619,0
req_000620,0
req_000621,1
req_000622,0
req_000623,0
req_000624,1
req_000625,1
req_000626,1
req_000627,0
req_000628,0
req_000629,0
req_000630,1
req_000631,0
req_000632,0
req_000633,0
req_000634,0
req_000635,1
req_000636,0
req_000637,1
req_000638,0
req_000639,0
req_000640,1
req_000641,1
req_000642,0
req_000643,0
req_000644,0
req_000645,1
req_000646,0
req_000647,0
req_000648,0
req_000649,0
req_000650,0
req_000651,1
req_000652,0
req_000653,0
req_000654,0
req_000655,1
req_000656,0
req_000657,0
req_000658,0
req_000659,0
req_000660,0
req_000661,0
req_000662,0
req_000663,0
req_000664,0
req_000665,0
req_000666,0
req_000667,0
req_000668,1
req_000669,1
req_000670,0
req_000671,0
req_000672,0
req_000673,0
req_000674,0
req_000675,0
req_000676,1
req_000677,0
req_000678,0
req_000679,0
req_000680,0
req_000681,1
req_000682,0
req_000683,0
req_000684,0
req_000685,0
req_000686,1
req_000687,1
req_000688,0
req_000689,0
req_000690,0
req_000691,0
req_000692,0
req_000693,0
req_000694,0
req_000695,0
req_000696,0
req_000697,0
req_000698,0
req_000699,0
req_000700,1
req_000701,0
req_000702,0
req_000703,0
req_000704,0
req_000705,0
req_000706,0
req_000707,0
req_000708,0
req_000709,0
req_000710,0
req_000711,0
req_000712,1
req_000713,1
req_000714,1
req_000715,0
req_000716,0
req_000717,0
req_000718,0
req_000719,0
req_000720,0
req_000721,1
req_000722,0
req_000723,1
req_000724,0
req_000725,0
req_000726,1
req_000727,0
req_000728,1
req_000729,0
req_000730,0
req_000731,1
req_000732,1
req_000733,0
req_000734,1
req_000735,0
req_000736,0
req_000737,0
req_000738,0
req_000739,0
req_000740,0
req_000741,0
req_000742,1
req_000743,1
req_000744,1
req_000745,0
req_000746,0
req_000747,0
req_000748,0
req_000749,0
req_000750,0
req_000751,0
req_000752,0
req_000753,1
req_000754,1
req_000755,0
req_000756,0
req_000757,0
req_000758,0
req_000759,0
req_000760,0
req_000761,0
req_000762,0
req_000763,0
req_000764,1
req_000765,0
req_000766,1
req_000767,0
req_000768,0
req_000769,0
req_000770,0
req_000771,0
req_000772,0
req_000773,0
req_000774,0
req_000775,0
req_000776,1
req_000777,0
req_000778,1
req_000779,0
req_000780,0
req_000781,0
req_000782,1
req_000783,1
req_000784,0
req_000785,0
req_000786,1
req_000787,1
req_000788,0
req_000789,0
req_000790,0
req_000791,0
req_000792,0
req_000793,0
req_000794,0
req_000795,0
req_000796,0
req_000797,0
req_000798,0
req_000799,0
req_000800,0
req_000801,0
req_000802,1
req_000803,0
req_000804,0
req_000805,0
req_000806,0
req_000807,0
req_000808,0
req_000809,1
req_000810,0
req_000811,0
req_000812,0
req_000813,0
req_000814,0
req_000815,0
req_000816,1
req_000817,1
req_000818,0
req_000819,0
req_000820,0
req_000821,0
req_000822,1
req_000823,0
req_000824,1
req_000825,1
req_000826,1
req_000827,0
req_000828,0
req_000829,0
req_000830,0
req_000831,0
req_000832,0
req_000833,0
req_000834,1
req_000835,0
req_000836,0
req_000837,1
req_000838,1
req_000839,1
req_000840,1
req_000841,1
req_000842,0
req_000843,0
req_000844,0
req_000845,0
req_000846,0
req_000847,0
req_000848,0
req_000849,0
req_000850,0
req_000851,0
req_000852,0
req_000853,0
req_000854,0
req_000855,0
req_000856,0
req_000857,1
req_000858,0
req_000859,0
req_000860,0
req_000861,0
req_000862,0
req_000863,1
req_000864,1
req_000865,1
req_000866,0
req_000867,1
req_000868,0
req_000869,0
req_000870,0
req_000871,0
req_000872,0
req_000873,0
req_000874,0
req_000875,0
req_000876,0
req_000877,0
req_000878,0
req_000879,0
req_000880,0
req_000881,0
req_000882,1
req_000883,0
req_000884,1
req_000885,1
req_000886,0
req_000887,0
req_000888,1
req_000889,0
req_000890,0
req_000891,1
req_000892,0
req_000893,0
req_000894,1
req_000895,0
req_000896,0
req_000897,0
req_000898,0
req_000899,0
req_000900,0
req_000901,0
req_000902,0
req_000903,0
req_000904,0
req_000905,0
req_000906,1
req_000907,0
req_000908,0
req_000909,0
req_000910,0
req_000911,0
req_000912,0
req_000913,0
req_000914,1
req_000915,0
req_000916,0
req_000917,1
req_000918,0
req_000919,0
req_000920,0
req_000921,0
req_000922,0
req_000923,0
req_000924,0
req_000925,0
req_000926,0
req_000927,0
req_000928,0
req_000929,0
req_000930,1
req_000931,0
req_000932,0
req_000933,0
req_000934,0
req_000935,1
req_000936,0
req_000937,1
req_000938,0
req_000939,0
req_000940,0
req_000941,0
req_000942,0
req_000943,0
req_000944,0
req_000945,0
req_000946,0
req_000947,0
req_000948,0
req_000949,1
req_000950,1
req_000951,0
req_000952,1
req_000953,1
req_000954,1
req_000955,0
req_000956,0
req_000957,0
req_000958,0
req_000959,0
req_000960,0
req_000961,0
req_000962,0
req_000963,1
req_000964,0
req_000965,0
req_000966,0
req_000967,0
req_000968,0
req_000969,0
req_000970,0
req_000971,0
req_000972,1
req_000973,1
req_000974,1
req_000975,0
req_000976,1
req_000977,0
req_000978,0
req_000979,0
req_000980,0
req_000981,0
req_000982,0
req_000983,0
req_000984,0
req_000985,1
req_000986,0
req_000987,0
req_000988,0
req_000989,0
req_000990,0
req_000991,0
req_000992,0
req_000993,0
req_000994,0
req_000995,0
req_000996,0
req_000997,1
req_000998,0
req_000999,1
req_001000,0
req_001001,0
req_001002,0
req_001003,0
req_001004,0
req_001005,0
req_001006,0
req_001007,1
req_001008,0
req_001009,1
req_001010,0
req_001011,0
req_001012,0
req_001013,1
req_001014,0
req_001015,0
req_001016,1
req_001017,0
req_001018,0
req_001019,1
req_001020,0
req_001021,1
req_001022,0
req_001023,0
req_001024,1
req_001025,0
req_001026,0
req_001027,0
req_001028,0
req_001029,1
req_001030,0
req_001031,0
req_001032,1
req_001033,1
req_001034,0
req_001035,0
req_001036,0
req_001037,1
req_001038,0
req_001039,0
req_001040,1
req_001041,0
req_001042,0
req_001043,0
req_001044,0
req_001045,0
req_001046,0
req_001047,1
req_001048,1
req_001049,1
req_001050,0
req_001051,1
req_001052,0
req_001053,0
req_001054,1
req_001055,0
req_001056,0
req_001057,1
req_001058,0
req_001059,0
req_001060,0
req_001061,0
req_001062,1
req_001063,0
req_001064,0
req_001065,0
req_001066,0
req_001067,0
req_001068,0
req_001069,0
req_001070,1
req_001071,0
req_001072,1
req_001073,1
req_001074,0
req_001075,0
req_001076,0
req_001077,0
req_001078,1
req_001079,0
req_001080,0
req_001081,0
req_001082,0
req_001083,0
req_001084,0
req_001085,0
req_001086,1
req_001087,1
req_001088,0
req_001089,0
req_001090,0
req_001091,0
req_001092,0
req_001093,0
req_001094,0
req_001095,0
req_001096,0
req_001097,0
req_001098,1
req_001099,0
req_001100,0
req_001101,0
req_001102,0
req_001103,0
req_001104,0
req_001105,0
req_001106,0
req_001107,1
req_001108,0
req_001109,0
req_001110,0
req_001111,0
req_001112,0
req_001113,0
req_001114,0
req_001115,0
req_001116,0
req_001117,1
req_001118,0
req_001119,0
req_001120,1
req_001121,0
req_001122,0
req_001123,1
req_001124,1
req_001125,0
req_001126,1
req_001127,0
req_001128,0
req_001129,0
req_001130,0
req_001131,0
req_001132,1
req_001133,1
req_001134,0
req_001135,0
req_001136,1
req_001137,0
req_001138,0
req_001139,1
req_001140,0
req_001141,0
req_001142,1
req_001143,1
req_001144,0
req_001145,0
req_001146,0
req_001147,1
req_001148,1
req_001149,1
req_001150,0
req_001151,1
req_001152,0
req_001153,0
req_001154,1
req_001155,0
req_001156,0
req_001157,0
req_001158,0
req_001159,0
req_001160,0
req_001161,0
req_001162,0
req_001163,0
req_001164,0
req_001165,0
req_001166,0
req_001167,0
req_001168,0
req_001169,0
req_001170,0
req_001171,0
req_001172,0
req_001173,1
req_001174,0
req_001175,0
req_001176,1
req_001177,0
req_001178,0
req_001179,1
req_001180,1
req_001181,0
req_001182,0
req_001183,0
req_001184,0
req_001185,0
req_001186,0
req_001187,0
req_001188,1
req_001189,0
req_001190,0
req_001191,1
req_001192,1
req_001193,0
req_001194,1
req_001195,0
req_001196,0
req_001197,0
req_001198,0
req_001199,0
req_001200,1
req_001201,0
req_001202,1
req_001203,0
req_001204,1
req_001205,1
req_001206,0
req_001207,0
req_001208,0
req_001209,0
req_001210,1
req_001211,1
req_001212,0
req_001213,1
req_001214,1
req_001215,0
req_001216,0
req_001217,0
req_001218,0
req_001219,0
req_001220,0
req_001221,1
req_001222,0
req_001223,0
req_001224,0
req_001225,0
req_001226,0
req_001227,0
req_001228,0
req_001229,0
req_001230,0
req_001231,0
req_001232,1
req_001233,0
req_001234,1
req_001235,1
req_001236,1
req_001237,0
req_001238,0
req_001239,1
req_001240,1
req_001241,0
req_001242,0
req_001243,1
req_001244,0
req_001245,0
req_001246,0
req_001247,0
req_001248,1
req_001249,0
req_001250,0
req_001251,1
req_001252,0
req_001253,1
req_001254,0
req_001255,0
req_001256,0
req_001257,1
req_001258,1
req_001259,1
req_001260,0
req_001261,1
req_001262,0
req_001263,0
req_001264,0
req_001265,0
req_001266,0
req_001267,0
req_001268,1
req_001269,1
req_001270,0
req_001271,0
req_001272,0
req_001273,0
req_001274,1
req_001275,0
req_001276,0
req_001277,0
req_001278,0
req_001279,0
req_001280,0
req_001281,0
req_001282,0
req_001283,0
req_001284,1
req_001285,0
req_001286,0
req_001287,0
req_001288,0
req_001289,0
req_001290,0
req_001291,0
req_001292,1
req_001293,0
req_001294,0
req_001295,0
req_001296,0
req_001297,0
req_001298,1
req_001299,0
req_001300,0
req_001301,1
req_001302,0
req_001303,1
req_001304,1
req_001305,0
req_001306,1
req_001307,0
req_001308,1
req_001309,0
req_001310,0
req_001311,1
req_001312,1
req_001313,0
req_001314,0
req_001315,0
req_001316,0
req_001317,1
req_001318,0
req_001319,1
req_001320,0
req_001321,1
req_001322,1
req_001323,0
req_001324,0
req_001325,0
req_001326,1
req_001327,0
req_001328,0
req_001329,1
req_001330,0
req_001331,0
req_001332,1
req_001333,0
req_001334,0
req_001335,0
req_001336,0
req_001337,0
req_001338,0
req_001339,1
req_001340,0
req_001341,0
req_001342,0
req_001343,0
req_001344,0
req_001345,0
req_001346,0
req_001347,0
req_001348,0
req_001349,0
req_001350,1
req_001351,1
req_001352,0
req_001353,0
req_001354,0
req_001355,0
req_001356,0
req_001357,0
req_001358,1
req_001359,0
req_001360,0
req_001361,1
req_001362,0
req_001363,1
req_001364,1
req_001365,0
req_001366,0
req_001367,1
req_001368,0
req_001369,0
req_001370,0
req_001371,0
req_001372,1
req_001373,0
req_001374,0
req_001375,0
req_001376,1
req_001377,1
req_001378,0
req_001379,0
req_001380,1
req_001381,0
req_001382,0
req_001383,1
req_001384,1
req_001385,0
req_001386,1
req_001387,0
req_001388,1
req_001389,0
req_001390,0
req_001391,1
req_001392,0
req_001393,0
req_001394,1
req_001395,0
req_001396,0
req_001397,0
req_001398,0
req_001399,0
req_001400,0
req_001401,0
req_001402,1
req_001403,0
req_001404,1
req_001405,1
req_001406,0
req_001407,1
req_001408,0
req_001409,0
req_001410,0
req_001411,0
req_001412,0
req_001413,0
req_001414,0
req_001415,1
req_001416,1
req_001417,0
req_001418,1
req_001419,0
req_001420,0
req_001421,0
req_001422,0
req_001423,0
req_001424,0
req_001425,0
req_001426,0
req_001427,0
req_001428,0
req_001429,1
req_001430,0
req_001431,1
req_001432,0
req_001433,1
req_001434,0
req_001435,0
req_001436,0
req_001437,0
req_001438,0
req_001439,0
req_001440,1
req_001441,0
req_001442,1
req_001443,0
req_001444,0
req_001445,0
req_001446,0
req_001447,0
req_001448,0
req_001449,0
req_001450,0
req_001451,0
req_001452,0
req_001453,1
req_001454,0
req_001455,0
req_001456,0
req_001457,1
req_001458,0
req_001459,1
req_001460,0
req_001461,0
req_001462,0
req_001463,1
req_001464,1
req_001465,1
req_001466,0
req_001467,0
req_001468,0
req_001469,1
req_001470,1
req_001471,0
req_001472,0
req_001473,0
req_001474,1
req_001475,0
req_001476,1
req_001477,0
req_001478,0
req_001479,1
req_001480,1
req_001481,0
req_001482,1
req_001483,1
req_001484,0
req_001485,1
req_001486,0
req_001487,0
req_001488,0
req_001489,0
req_001490,0
req_001491,0
req_001492,1
req_001493,0
req_001494,1
req_001495,0
req_001496,1
req_001497,1
req_001498,0
req_001499,1
req_001500,0
req_001501,0
req_001502,0
req_001503,0
req_001504,0
req_001505,0
req_001506,0
req_001507,0
req_001508,0
req_001509,0
req_001510,1
req_001511,0
req_001512,0
req_001513,0
req_001514,1
req_001515,0
req_001516,0
req_001517,1
req_001518,0
req_001519,0
req_001520,1
req_001521,0
req_001522,0
req_001523,0
req_001524,0
req_001525,1
req_001526,1
req_001527,0
req_001528,0
req_001529,0
req_001530,0
req_001531,0
req_001532,1
req_001533,1
req_001534,0
req_001535,0
req_001536,0
req_001537,0
req_001538,0
req_001539,1
req_001540,0
req_001541,0
req_001542,0
req_001543,0
req_001544,0
req_001545,0
req_001546,0
req_001547,1
req_001548,0
req_001549,1
req_001550,1
req_001551,0
req_001552,0
req_001553,1
req_001554,0
req_001555,0
req_001556,0
req_001557,0
req_001558,1
req_001559,0
req_001560,0
req_001561,1
req_001562,0
req_001563,0
req_001564,0
req_001565,0
req_001566,0
req_001567,1
req_001568,0
req_001569,0
req_001570,0
req_001571,0
req_001572,0
req_001573,1
req_001574,0
req_001575,1
req_001576,1
req_001577,1
req_001578,1
req_001579,0
req_001580,1
req_001581,0
req_001582,0
req_001583,1
req_001584,0
req_001585,0
req_001586,0
req_001587,0
req_001588,0
req_001589,0
req_001590,0
req_001591,0
req_001592,1
req_001593,0
req_001594,1
req_001595,0
req_001596,0
req_001597,1
req_001598,0
req_001599,0
req_001600,1
req_001601,0
req_001602,1
req_001603,0
req_001604,0
req_001605,0
req_001606,0
req_001607,0
req_001608,0
req_001609,0
req_001610,0
req_001611,0
req_001612,0
req_001613,1
req_001614,0
req_001615,0
req_001616,1
req_001617,1
req_001618,1
req_001619,0
req_001620,0
req_001621,1
req_001622,0
req_001623,0
req_001624,0
req_001625,1
req_001626,0
req_001627,0
req_001628,0
req_001629,0
req_001630,0
req_001631,0
req_001632,0
req_001633,0
req_001634,0
req_001635,0
req_001636,0
req_001637,0
req_001638,0
req_001639,0
req_001640,0
req_001641,0
req_001642,1
req_001643,0
req_001644,0
req_001645,1
req_001646,1
req_001647,0
req_001648,0
req_001649,0
req_001650,0
req_001651,0
req_001652,0
req_001653,1
req_001654,0
req_001655,1
req_001656,0
req_001657,1
req_001658,0
req_001659,1
req_001660,0
req_001661,0
req_001662,0
req_001663,0
req_001664,0
req_001665,0
req_001666,0
req_001667,0
req_001668,1
req_001669,0
req_001670,0
req_001671,0
req_001672,0
req_001673,1
req_001674,0
req_001675,0
req_001676,0
req_001677,1
req_001678,0
req_001679,0
req_001680,0
req_001681,1
req_001682,0
req_001683,0
req_001684,0
req_001685,1
req_001686,0
req_001687,0
req_001688,0
req_001689,0
req_001690,0
req_001691,0
req_001692,1
req_001693,0
req_001694,1
req_001695,0
req_001696,0
req_001697,0
req_001698,0
req_001699,1
req_001700,0
req_001701,0
req_001702,1
req_001703,0
req_001704,0
req_001705,0
req_001706,0
req_001707,0
req_001708,0
req_001709,1
req_001710,1
req_001711,1
req_001712,0
req_001713,0
req_001714,0
req_001715,1
req_001716,0
req_001717,1
req_001718,0
req_001719,0
req_001720,0
req_001721,1
req_001722,0
req_001723,0
req_001724,1
req_001725,0
req_001726,0
req_001727,0
req_001728,1
req_001729,0
req_001730,0
req_001731,0
req_001732,0
req_001733,0
req_001734,0
req_001735,0
req_001736,0
req_001737,1
req_001738,0
req_001739,0
req_001740,0
req_001741,0
req_001742,0
req_001743,0
req_001744,1
req_001745,0
req_001746,1
req_001747,0
req_001748,0
req_001749,1
req_001750,1
req_001751,0
req_001752,0
req_001753,0
req_001754,1
req_001755,0
req_001756,0
req_001757,0
req_001758,1
req_001759,1
req_001760,1
req_001761,0
req_001762,0
req_001763,0
req_001764,1
req_001765,1
req_001766,0
req_001767,0
req_001768,0
req_001769,0
req_001770,0
req_001771,0
req_001772,0
req_001773,0
req_001774,1
req_001775,0
req_001776,0
req_001777,1
req_001778,0
req_001779,0
req_001780,0
req_001781,0
req_001782,1
req_001783,0
req_001784,0
req_001785,0
req_001786,0
req_001787,0
req_001788,0
req_001789,0
req_001790,0
req_001791,0
req_001792,0
req_001793,0
req_001794,0
req_001795,1
req_001796,0
req_001797,0
req_001798,0
req_001799,1
req_001800,0
req_001801,0
req_001802,0
req_001803,1
req_001804,0
req_001805,0
req_001806,0
req_001807,0
req_001808,1
req_001809,1
req_001810,0
req_001811,0
req_001812,0
req_001813,0
req_001814,1
req_001815,0
req_001816,1
req_001817,0
req_001818,0
req_001819,0
req_001820,0
req_001821,0
req_001822,0
req_001823,0
req_001824,0
req_001825,0
req_001826,0
req_001827,0
req_001828,1
req_001829,0
req_001830,0
req_001831,0
req_001832,1
req_001833,1
req_001834,1
req_001835,1
req_001836,0
req_001837,0
req_001838,0
req_001839,1
req_001840,1
req_001841,1
req_001842,0
req_001843,0
req_001844,0
req_001845,0
req_001846,0
req_001847,0
req_001848,0
req_001849,0
req_001850,0
req_001851,0
req_001852,0
req_001853,0
req_001854,0
req_001855,0
req_001856,1
req_001857,0
req_001858,0
req_001859,0
req_001860,0
req_001861,1
req_001862,1
req_001863,0
req_001864,0
req_001865,1
req_001866,0
req_001867,0
req_001868,0
req_001869,1
req_001870,0
req_001871,1
req_001872,0
req_001873,0
req_001874,0
req_001875,0
req_001876,0
req_001877,0
req_001878,1
req_001879,0
req_001880,0
req_001881,0
req_001882,0
req_001883,1
req_001884,0
req_001885,0
req_001886,0
req_001887,0
req_001888,0
req_001889,1
req_001890,0
req_001891,1
req_001892,0
req_001893,0
req_001894,0
req_001895,0
req_001896,1
req_001897,0
req_001898,0
req_001899,0
req_001900,0
req_001901,0
req_001902,0
req_001903,0
req_001904,1
req_001905,1
req_001906,0
req_001907,0
req_001908,0
req_001909,0
req_001910,0
req_001911,1
req_001912,1
req_001913,0
req_001914,0
req_001915,1
req_001916,0
req_001917,0
req_001918,0
req_001919,0
req_001920,0
req_001921,1
req_001922,0
req_001923,1
req_001924,1
req_001925,0
req_001926,0
req_001927,0
req_001928,1
req_001929,1
req_001930,0
req_001931,0
req_001932,0
req_001933,0
req_001934,0
req_001935,0
req_001936,0
req_001937,0
req_001938,0
req_001939,1
req_001940,0
req_001941,1
req_001942,0
req_001943,0
req_001944,0
req_001945,0
req_001946,1
req_001947,0
req_001948,1
req_001949,0
req_001950,0
req_001951,0
req_001952,0
req_001953,1
req_001954,0
req_001955,1
req_001956,0
req_001957,0
req_001958,0
req_001959,0
req_001960,0
req_001961,0
req_001962,0
req_001963,0
req_001964,1
req_001965,0
req_001966,0
req_001967,0
req_001968,1
req_001969,0
req_001970,0
req_001971,1
req_001972,1
req_001973,0
req_001974,0
req_001975,0
req_001976,1
req_001977,1
req_001978,0
req_001979,0
req_001980,0
req_001981,0
req_001982,1
req_001983,0
req_001984,0
req_001985,0
req_001986,1
req_001987,0
req_001988,1
req_001989,0
req_001990,0
req_001991,0
req_001992,0
req_001993,0
req_001994,0
req_001995,0
req_001996,0
req_001997,0
req_001998,0
req_001999,0
req_002000,0
req_002001,1
req_002002,0
req_002003,0
req_002004,1
req_002005,0
req_002006,1
req_002007,0
req_002008,0
req_002009,1
req_002010,1
req_002011,0
req_002012,0
req_002013,0
req_002014,0
req_002015,0
req_002016,0
req_002017,0
req_002018,0
req_002019,0
req_002020,0
req_002021,0
req_002022,1
req_002023,1
req_002024,0
req_002025,0
req_002026,0
req_002027,1
req_002028,0
req_002029,0
req_002030,1
req_002031,0
req_002032,0
req_002033,0
req_002034,0
req_002035,1
req_002036,0
req_002037,0
req_002038,1
req_002039,0
req_002040,1
req_002041,0
req_002042,0
req_002043,1
req_002044,1
req_002045,1
req_002046,0
req_002047,0
req_002048,0
req_002049,0
req_002050,0
req_002051,1
req_002052,0
req_002053,0
req_002054,0
req_002055,0
req_002056,1
req_002057,0
req_002058,0
req_002059,1
req_002060,0
req_002061,0
req_002062,0
req_002063,0
req_002064,0
req_002065,0
req_002066,0
req_002067,1
req_002068,1
req_002069,0
req_002070,0
req_002071,0
req_002072,0
req_002073,0
req_002074,1
req_002075,1
req_002076,0
req_002077,0
req_002078,0
req_002079,0
req_002080,0
req_002081,0
req_002082,0
req_002083,0
req_002084,1
req_002085,0
req_002086,0
req_002087,1
req_002088,1
req_002089,0
req_002090,1
req_002091,0
req_002092,0
req_002093,0
req_002094,0
req_002095,1
req_002096,0
req_002097,1
req_002098,1
req_002099,1
req_002100,0
req_002101,0
req_002102,1
req_002103,1
req_002104,0
req_002105,1
req_002106,1
req_002107,0
req_002108,0
req_002109,0
req_002110,0
req_002111,0
req_002112,1
req_002113,1
req_002114,0
req_002115,0
req_002116,0
req_002117,0
req_002118,0
req_002119,0
req_002120,0
req_002121,1
req_002122,1
req_002123,0
req_002124,0
req_002125,0
req_002126,1
req_002127,1
req_002128,1
req_002129,0
req_002130,0
req_002131,0
req_002132,0
req_002133,0
req_002134,0
req_002135,1
req_002136,0
req_002137,1
req_002138,0
req_002139,0
req_002140,0
req_002141,0
req_002142,0
req_002143,0
req_002144,0
req_002145,0
req_002146,1
req_002147,0
req_002148,0
req_002149,0
req_002150,0
req_002151,0
req_002152,0
req_002153,0
req_002154,0
req_002155,0
req_002156,0
req_002157,0
req_002158,1
req_002159,1
req_002160,1
req_002161,0
req_002162,1
req_002163,0
req_002164,0
req_002165,0
req_002166,0
req_002167,0
req_002168,0
req_002169,1
req_002170,0
req_002171,1
req_002172,1
req_002173,0
req_002174,0
req_002175,0
req_002176,0
req_002177,0
req_002178,0
req_002179,0
req_002180,0
req_002181,0
req_002182,1
req_002183,0
req_002184,0
req_002185,0
req_002186,0
req_002187,0
req_002188,0
req_002189,1
req_002190,0
req_002191,1
req_002192,0
req_002193,1
req_002194,0
req_002195,1
req_002196,0
req_002197,0
req_002198,1
req_002199,1
req_002200,1
req_002201,0
req_002202,0
req_002203,0
req_002204,1
req_002205,0
req_002206,0
req_002207,0
req_002208,1
req_002209,0
req_002210,1
req_002211,0
req_002212,0
req_002213,1
req_002214,0
req_002215,0
req_002216,0
req_002217,0
req_002218,1
req_002219,0
req_002220,0
req_002221,1
req_002222,1
req_002223,0
req_002224,0
req_002225,0
req_002226,0
req_002227,0
req_002228,1
req_002229,1
req_002230,0
req_002231,0
req_002232,0
req_002233,0
req_002234,0
req_002235,0
req_002236,0
req_002237,0
req_002238,0
req_002239,0
req_002240,0
req_002241,0
req_002242,1
req_002243,0
req_002244,0
req_002245,0
req_002246,0
req_002247,0
req_002248,1
req_002249,0
req_002250,0
req_002251,1
req_002252,0
req_002253,0
req_002254,0
req_002255,0
req_002256,1
req_002257,0
req_002258,0
req_002259,0
req_002260,1
req_002261,0
req_002262,0
req_002263,0
req_002264,0
req_002265,0
req_002266,1
req_002267,0
req_002268,1
req_002269,0
req_002270,0
req_002271,0
req_002272,0
req_002273,0
req_002274,1
req_002275,1
req_002276,0
req_002277,0
req_002278,1
req_002279,0
req_002280,0
req_002281,0
req_002282,0
req_002283,0
req_002284,0
req_002285,0
req_002286,0
req_002287,0
req_002288,0
req_002289,0
req_002290,1
req_002291,1
req_002292,0
req_002293,0
req_002294,0
req_002295,0
req_002296,0
req_002297,0
req_002298,0
req_002299,0
req_002300,1
req_002301,0
req_002302,0
req_002303,0
req_002304,0
req_002305,0
req_002306,0
req_002307,0
req_002308,0
req_002309,0
req_002310,1
req_002311,0
req_002312,0
req_002313,1
req_002314,0
req_002315,1
req_002316,0
req_002317,0
req_002318,0
req_002319,1
req_002320,1
req_002321,0
req_002322,0
req_002323,0
req_002324,0
req_002325,1
req_002326,1
req_002327,1
req_002328,0
req_002329,0
req_002330,0
req_002331,0
req_002332,1
req_002333,0
req_002334,1
req_002335,1
req_002336,0
req_002337,1
req_002338,1
req_002339,0
req_002340,1
req_002341,1
req_002342,0
req_002343,0
req_002344,0
req_002345,0
req_002346,0
req_002347,1
req_002348,0
req_002349,0
req_002350,1
req_002351,1
req_002352,1
req_002353,0
req_002354,0
req_002355,1
req_002356,0
req_002357,0
req_002358,0
req_002359,0
req_002360,1
req_002361,0
req_002362,1
req_002363,0
req_002364,0
req_002365,0
req_002366,0
req_002367,0
req_002368,0
req_002369,1
req_002370,0
req_002371,0
req_002372,0
req_002373,0
req_002374,1
req_002375,1
req_002376,0
req_002377,0
req_002378,0
req_002379,1
req_002380,0
req_002381,1
req_002382,1
req_002383,0
req_002384,0
req_002385,0
req_002386,0
req_002387,0
req_002388,1
req_002389,1
req_002390,0
req_002391,1
req_002392,1
req_002393,0
req_002394,1
req_002395,1
req_002396,0
req_002397,0
req_002398,0
req_002399,0
req_002400,0
req_002401,0
req_002402,0
req_002403,1
req_002404,1
req_002405,0
req_002406,0
req_002407,0
req_002408,1
req_002409,0
req_002410,0
req_002411,1
req_002412,0
req_002413,0
req_002414,0
req_002415,1
req_002416,0
req_002417,0
req_002418,0
req_002419,0
req_002420,0
req_002421,1
req_002422,0
req_002423,0
req_002424,1
req_002425,1
req_002426,1
req_002427,0
req_002428,0
req_002429,0
req_002430,1
req_002431,0
req_002432,1
req_002433,0
req_002434,0
req_002435,0
req_002436,0
req_002437,0
req_002438,0
req_002439,0
req_002440,1
req_002441,0
req_002442,0
req_002443,0
req_002444,0
req_002445,0
req_002446,0
req_002447,0
req_002448,0
req_002449,1
req_002450,0
req_002451,0
req_002452,0
req_002453,0
req_002454,0
req_002455,1
req_002456,0
req_002457,0
req_002458,1
req_002459,1
req_002460,0
req_002461,0
req_002462,0
req_002463,0
req_002464,0
req_002465,0
req_002466,0
req_002467,0
req_002468,0
req_002469,0
req_002470,0
req_002471,0
req_002472,0
req_002473,0
req_002474,0
req_002475,0
req_002476,0
req_002477,0
req_002478,0
req_002479,0
req_002480,1
req_002481,0
req_002482,0
req_002483,0
req_002484,0
req_002485,0
req_002486,0
req_002487,0
req_002488,1
req_002489,1
req_002490,0
req_002491,0
req_002492,0
req_002493,1
req_002494,0
req_002495,0
req_002496,0
req_002497,0
req_002498,0
req_002499,0
req_002500,0
req_002501,1
req_002502,1
req_002503,1
req_002504,0
req_002505,0
req_002506,0
req_002507,1
req_002508,0
req_002509,0
req_002510,0
req_002511,0
req_002512,1
req_002513,0
req_002514,0
req_002515,1
req_002516,0
req_002517,0
req_002518,0
req_002519,0
req_002520,0
req_002521,1
req_002522,0
req_002523,0
req_002524,0
req_002525,0
req_002526,1
req_002527,1
req_002528,1
req_002529,1
req_002530,1
req_002531,0
req_002532,0
req_002533,0
req_002534,0
req_002535,0
req_002536,0
req_002537,0
req_002538,0
req_002539,0
req_002540,0
req_002541,0
req_002542,0
req_002543,1
req_002544,1
req_002545,0
req_002546,0
req_002547,0
req_002548,0
req_002549,0
req_002550,0
req_002551,0
req_002552,0
req_002553,0
req_002554,1
req_002555,0
req_002556,0
req_002557,0
req_002558,1
req_002559,1
req_002560,1
req_002561,0
req_002562,0
req_002563,0
req_002564,1
req_002565,1
req_002566,1
req_002567,0
req_002568,0
req_002569,0
req_002570,1
req_002571,0
req_002572,1
req_002573,0
req_002574,0
req_002575,1
req_002576,0
req_002577,0
req_002578,0
req_002579,0
req_002580,0
req_002581,0
req_002582,0
req_002583,1
req_002584,1
req_002585,0
req_002586,0
req_002587,1
req_002588,1
req_002589,1
req_002590,0
req_002591,0
req_002592,0
req_002593,1
req_002594,0
req_002595,1
req_002596,0
req_002597,0
req_002598,0
req_002599,0
req_002600,0
req_002601,1
req_002602,0
req_002603,0
req_002604,1
req_002605,1
req_002606,0
req_002607,0
req_002608,0
req_002609,0
req_002610,0
req_002611,0
req_002612,0
req_002613,0
req_002614,0
req_002615,1
req_002616,0
req_002617,0
req_002618,0
req_002619,1
req_002620,0
req_002621,0
req_002622,0
req_002623,1
req_002624,0
req_002625,0
req_002626,0
req_002627,0
req_002628,1
req_002629,0
req_002630,0
req_002631,0
req_002632,0
req_002633,0
req_002634,0
req_002635,0
req_002636,0
req_002637,0
req_002638,1
req_002639,0
req_002640,0
req_002641,0
req_002642,1
req_002643,0
req_002644,0
req_002645,0
req_002646,0
req_002647,1
req_002648,0
req_002649,0
req_002650,0
req_002651,1
req_002652,0
req_002653,0
req_002654,1
req_002655,0
req_002656,0
req_002657,0
req_002658,0
req_002659,0
req_002660,0
req_002661,0
req_002662,1
req_002663,0
req_002664,0
req_002665,1
req_002666,1
req_002667,0
req_002668,0
req_002669,1
req_002670,0
req_002671,0
req_002672,0
req_002673,0
req_002674,0
req_002675,0
req_002676,0
req_002677,1
req_002678,0
req_002679,0
req_002680,0
req_002681,1
req_002682,0
req_002683,0
req_002684,0
req_002685,0
req_002686,0
req_002687,1
req_002688,1
req_002689,0
req_002690,0
req_002691,1
req_002692,0
req_002693,0
req_002694,0
req_002695,1
req_002696,1
req_002697,0
req_002698,0
req_002699,0
req_002700,0
req_002701,0
req_002702,0
req_002703,0
req_002704,0
req_002705,0
req_002706,1
req_002707,1
req_002708,0
req_002709,0
req_002710,0
req_002711,0
req_002712,1
req_002713,0
req_002714,0
req_002715,0
req_002716,0
req_002717,1
req_002718,1
req_002719,0
req_002720,0
req_002721,0
req_002722,1
req_002723,0
req_002724,1
req_002725,0
req_002726,0
req_002727,0
req_002728,1
req_002729,1
req_002730,1
req_002731,0
req_002732,0
req_002733,0
req_002734,0
req_002735,0
req_002736,1
req_002737,0
req_002738,0
req_002739,0
req_002740,0
req_002741,1
req_002742,0
req_002743,0
req_002744,0
req_002745,0
req_002746,0
req_002747,0
req_002748,1
req_002749,0
req_002750,0
req_002751,0
req_002752,0
req_002753,1
req_002754,1
req_002755,0
req_002756,0
req_002757,1
req_002758,0
req_002759,0
req_002760,0
req_002761,0
req_002762,0
req_002763,0
req_002764,1
req_002765,0
req_002766,0
req_002767,0
req_002768,0
req_002769,0
req_002770,0
req_002771,1
req_002772,0
req_002773,0
req_002774,0
req_002775,1
req_002776,1
req_002777,0
req_002778,0
req_002779,1
req_002780,1
req_002781,0
req_002782,0
req_002783,1
req_002784,0
req_002785,0
req_002786,0
req_002787,1
req_002788,0
req_002789,0
req_002790,0
req_002791,1
req_002792,0
req_002793,0
req_002794,1
req_002795,1
req_002796,1
req_002797,1
req_002798,0
req_002799,0
req_002800,1
req_002801,0
req_002802,1
req_002803,1
req_002804,0
req_002805,0
req_002806,0
req_002807,1
req_002808,0
req_002809,0
req_002810,0
req_002811,0
req_002812,1
req_002813,0
req_002814,0
req_002815,0
req_002816,1
req_002817,0
req_002818,0
req_002819,0
req_002820,1
req_002821,0
req_002822,0
req_002823,0
req_002824,0
req_002825,1
req_002826,1
req_002827,1
req_002828,1
req_002829,0
req_002830,0
req_002831,0
req_002832,1
req_002833,0
req_002834,0
req_002835,1
req_002836,1
req_002837,0
req_002838,0
req_002839,0
req_002840,0
req_002841,0
req_002842,1
req_002843,0
req_002844,0
req_002845,0
req_002846,1
req_002847,0
req_002848,0
req_002849,1
req_002850,1
req_002851,0
req_002852,0
req_002853,0
req_002854,1
req_002855,1
req_002856,0
req_002857,0
req_002858,0
req_002859,1
req_002860,0
req_002861,0
req_002862,0
req_002863,0
req_002864,0
req_002865,0
req_002866,0
req_002867,0
req_002868,0
req_002869,1
req_002870,0
req_002871,0
req_002872,1
req_002873,1
req_002874,0
req_002875,1
req_002876,0
req_002877,0
req_002878,0
req_002879,0
req_002880,0
req_002881,0
req_002882,0
req_002883,1
req_002884,0
req_002885,0
req_002886,1
req_002887,0
req_002888,0
req_002889,0
req_002890,0
req_002891,0
req_002892,0
req_002893,0
req_002894,0
req_002895,0
req_002896,0
req_002897,1
req_002898,1
req_002899,0
req_002900,0
req_002901,1
req_002902,0
req_002903,1
req_002904,0
req_002905,1
req_002906,0
req_002907,0
req_002908,0
req_002909,0
req_002910,0
req_002911,0
req_002912,0
req_002913,1
req_002914,0
req_002915,0
req_002916,1
req_002917,0
req_002918,0
req_002919,0
req_002920,0
req_002921,0
req_002922,0
req_002923,0
req_002924,0
req_002925,0
req_002926,0
req_002927,1
req_002928,1
req_002929,1
req_002930,1
req_002931,0
req_002932,0
req_002933,0
req_002934,0
req_002935,1
req_002936,0
req_002937,0
req_002938,1
req_002939,0
req_002940,0
req_002941,0
req_002942,0
req_002943,0
req_002944,0
req_002945,0
req_002946,0
req_002947,0
req_002948,0
req_002949,0
req_002950,0
req_002951,0
req_002952,1
req_002953,0
req_002954,0
req_002955,1
req_002956,0
req_002957,0
req_002958,1
req_002959,0
req_002960,0
req_002961,0
req_002962,1
req_002963,0
req_002964,0
req_002965,0
req_002966,1
req_002967,0
req_002968,0
req_002969,1
req_002970,0
req_002971,1
req_002972,0
req_002973,0
req_002974,0
req_002975,0
req_002976,1
req_002977,0
req_002978,0
req_002979,0
req_002980,0
req_002981,0
req_002982,0
req_002983,0
req_002984,0
req_002985,0
req_002986,0
req_002987,0
req_002988,0
req_002989,0
req_002990,1
req_002991,1
req_002992,0
req_002993,0
req_002994,0
req_002995,0
req_002996,0
req_002997,0
req_002998,1
req_002999,0
req_003000,0
req_003001,0
req_003002,1
req_003003,0
req_003004,1
req_003005,1
req_003006,0
req_003007,1
req_003008,0
req_003009,0
req_003010,0
req_003011,0
req_003012,1
req_003013,1
req_003014,0
req_003015,1
req_003016,0
req_003017,0
req_003018,0
req_003019,0
req_003020,0
req_003021,0
req_003022,1
req_003023,1
req_003024,0
req_003025,0
req_003026,0
req_003027,1
req_003028,1
req_003029,0
req_003030,0
req_003031,1
req_003032,1
req_003033,0
req_003034,1
req_003035,1
req_003036,0
req_003037,0
req_003038,0
req_003039,0
req_003040,0
req_003041,0
req_003042,0
req_003043,0
req_003044,0
req_003045,1
req_003046,1
req_003047,0
req_003048,0
req_003049,0
req_003050,1
req_003051,1
req_003052,0
req_003053,0
req_003054,0
req_003055,0
req_003056,0
req_003057,0
req_003058,0
req_003059,0
req_003060,0
req_003061,0
req_003062,1
req_003063,0
req_003064,1
req_003065,1
req_003066,1
req_003067,0
req_003068,1
req_003069,0
req_003070,0
req_003071,0
req_003072,1
req_003073,0
req_003074,1
req_003075,0
req_003076,1
req_003077,0
req_003078,0
req_003079,0
req_003080,0
req_003081,0
req_003082,0
req_003083,0
req_003084,1
req_003085,0
req_003086,0
req_003087,0
req_003088,0
req_003089,0
req_003090,0
req_003091,0
req_003092,0
req_003093,0
req_003094,0
req_003095,1
req_003096,0
req_003097,0
req_003098,1
req_003099,0
req_003100,0
req_003101,0
req_003102,1
req_003103,1
req_003104,1
req_003105,0
req_003106,0
req_003107,1
req_003108,1
req_003109,0
req_003110,0
req_003111,1
req_003112,0
req_003113,1
req_003114,0
req_003115,0
req_003116,1
req_003117,1
req_003118,0
req_003119,1
req_003120,0
req_003121,0
req_003122,0
req_003123,1
req_003124,0
req_003125,0
req_003126,0
req_003127,0
req_003128,0
req_003129,0
req_003130,0
req_003131,1
req_003132,1
req_003133,0
req_003134,0
req_003135,0
req_003136,0
req_003137,0
req_003138,1
req_003139,0
req_003140,0
req_003141,0
req_003142,0
req_003143,0
req_003144,1
req_003145,0
req_003146,0
req_003147,1
req_003148,0
req_003149,0
req_003150,0
req_003151,0
req_003152,0
req_003153,0
req_003154,1
req_003155,0
req_003156,0
req_003157,1
req_003158,0
req_003159,1
req_003160,1
req_003161,1
req_003162,0
req_003163,1
req_003164,0
req_003165,0
req_003166,0
req_003167,1
req_003168,0
req_003169,0
req_003170,0
req_003171,0
req_003172,0
req_003173,1
req_003174,0
req_003175,1
req_003176,0
req_003177,0
req_003178,0
req_003179,0
req_003180,0
req_003181,0
req_003182,0
req_003183,0
req_003184,1
req_003185,1
req_003186,0
req_003187,0
req_003188,0
req_003189,1
req_003190,0
req_003191,0
req_003192,1
req_003193,0
req_003194,1
req_003195,0
req_003196,1
req_003197,0
req_003198,1
req_003199,1
req_003200,0
req_003201,0
req_003202,0
req_003203,0
req_003204,1
req_003205,1
req_003206,0
req_003207,0
req_003208,0
req_003209,1
req_003210,0
req_003211,0
req_003212,0
req_003213,0
req_003214,0
req_003215,1
req_003216,0
req_003217,0
req_003218,0
req_003219,0
req_003220,1
req_003221,1
req_003222,0
req_003223,0
req_003224,0
req_003225,0
req_003226,1
req_003227,0
req_003228,0
req_003229,0
req_003230,0
req_003231,0
req_003232,0
req_003233,1
req_003234,0
req_003235,0
req_003236,0
req_003237,1
req_003238,1
req_003239,0
req_003240,0
req_003241,0
req_003242,0
req_003243,0
req_003244,0
req_003245,0
req_003246,1
req_003247,1
req_003248,0
req_003249,0
req_003250,0
req_003251,0
req_003252,0
req_003253,0
req_003254,0
req_003255,0
req_003256,0
req_003257,0
req_003258,0
req_003259,0
req_003260,1
req_003261,1
req_003262,0
req_003263,0
req_003264,1
req_003265,0
req_003266,0
req_003267,0
req_003268,0
req_003269,1
req_003270,1
req_003271,1
req_003272,0
req_003273,0
req_003274,0
req_003275,0
req_003276,0
req_003277,0
req_003278,1
req_003279,0
req_003280,0
req_003281,0
req_003282,0
req_003283,1
req_003284,0
req_003285,0
req_003286,1
req_003287,0
req_003288,1
req_003289,0
req_003290,1
req_003291,0
req_003292,0
req_003293,1
req_003294,0
req_003295,0
req_003296,0
req_003297,1
req_003298,1
req_003299,1
req_003300,1
req_003301,0
req_003302,0
req_003303,0
req_003304,0
req_003305,0
req_003306,0
req_003307,0
req_003308,0
req_003309,0
req_003310,1
req_003311,0
req_003312,0
req_003313,1
req_003314,0
req_003315,0
req_003316,0
req_003317,0
req_003318,1
req_003319,0
req_003320,0
req_003321,0
req_003322,1
req_003323,0
req_003324,0
req_003325,1
req_003326,1
req_003327,0
req_003328,0
req_003329,1
req_003330,1
req_003331,0
req_003332,0
req_003333,1
req_003334,0
req_003335,0
req_003336,0
req_003337,1
req_003338,1
req_003339,0
req_003340,0
req_003341,0
req_003342,0
req_003343,1
req_003344,0
req_003345,0
req_003346,0
req_003347,0
req_003348,0
req_003349,1
req_003350,1
req_003351,0
req_003352,1
req_003353,0
req_003354,0
req_003355,0
req_003356,1
req_003357,0
req_003358,1
req_003359,0
req_003360,0
req_003361,0
req_003362,0
req_003363,1
req_003364,0
req_003365,0
req_003366,1
req_003367,0
req_003368,0
req_003369,0
req_003370,0
req_003371,0
req_003372,0
req_003373,1
req_003374,0
req_003375,0
req_003376,1
req_003377,0
req_003378,0
req_003379,0
req_003380,0
req_003381,0
req_003382,0
req_003383,0
req_003384,0
req_003385,0
req_003386,0
req_003387,0
req_003388,0
req_003389,0
req_003390,0
req_003391,0
req_003392,0
req_003393,1
req_003394,1
req_003395,0
req_003396,0
req_003397,0
req_003398,0
req_003399,1
req_003400,0
req_003401,0
req_003402,0
req_003403,1
req_003404,0
req_003405,0
req_003406,0
req_003407,1
req_003408,0
req_003409,0
req_003410,0
req_003411,1
req_003412,1
req_003413,1
req_003414,1
req_003415,0
req_003416,0
req_003417,1
req_003418,0
req_003419,1
req_003420,1
req_003421,0
req_003422,0
req_003423,0
req_003424,1
req_003425,0
req_003426,0
req_003427,0
req_003428,1
req_003429,0
req_003430,0
req_003431,0
req_003432,0
req_003433,0
req_003434,0
req_003435,0
req_003436,0
req_003437,0
req_003438,1
req_003439,0
req_003440,0
req_003441,0
req_003442,0
req_003443,0
req_003444,0
req_003445,0
req_003446,0
req_003447,0
req_003448,0
req_003449,1
req_003450,1
req_003451,0
req_003452,0
req_003453,0
req_003454,0
req_003455,0
req_003456,1
req_003457,0
req_003458,0
req_003459,0
req_003460,0
req_003461,0
req_003462,0
req_003463,1
req_003464,0
req_003465,0
req_003466,0
req_003467,0
req_003468,0
req_003469,0
req_003470,0
req_003471,0
req_003472,1
req_003473,0
req_003474,1
req_003475,0
req_003476,0
req_003477,1
req_003478,0
req_003479,0
req_003480,0
req_003481,0
req_003482,0
req_003483,1
req_003484,1
req_003485,0
req_003486,0
req_003487,0
req_003488,0
req_003489,0
req_003490,0
req_003491,1
req_003492,0
req_003493,0
req_003494,0
req_003495,0
req_003496,1
req_003497,0
req_003498,0
req_003499,0
req_003500,0
req_003501,0
req_003502,0
req_003503,0
req_003504,0
req_003505,0
req_003506,0
req_003507,0
req_003508,1
req_003509,0
req_003510,0
req_003511,1
req_003512,0
req_003513,0
req_003514,0
req_003515,1
req_003516,0
req_003517,0
req_003518,0
req_003519,1
req_003520,0
req_003521,0
req_003522,1
req_003523,0
req_003524,1
req_003525,0
req_003526,0
req_003527,0
req_003528,0
req_003529,0
req_003530,0
req_003531,1
req_003532,0
req_003533,0
req_003534,0
req_003535,0
req_003536,0
req_003537,0
req_003538,1
req_003539,0
req_003540,0
req_003541,0
req_003542,0
req_003543,0
req_003544,1
req_003545,0
req_003546,1
req_003547,1
req_003548,1
req_003549,0
req_003550,0
req_003551,0
req_003552,0
req_003553,0
req_003554,0
req_003555,1
req_003556,0
req_003557,0
req_003558,0
req_003559,1
req_003560,1
req_003561,0
req_003562,0
req_003563,1
req_003564,1
req_003565,1
req_003566,0
req_003567,0
req_003568,0
req_003569,0
req_003570,0
req_003571,1
req_003572,1
req_003573,0
req_003574,0
req_003575,1
req_003576,0
req_003577,0
req_003578,0
req_003579,1
req_003580,0
req_003581,0
req_003582,0
req_003583,0
req_003584,0
req_003585,0
req_003586,0
req_003587,0
req_003588,0
req_003589,1
req_003590,1
req_003591,0
req_003592,1
req_003593,1
req_003594,0
req_003595,0
req_003596,0
req_003597,0
req_003598,1
req_003599,0
req_003600,0
req_003601,0
req_003602,1
req_003603,1
req_003604,0
req_003605,1
req_003606,0
req_003607,0
req_003608,0
req_003609,0
req_003610,0
req_003611,0
req_003612,0
req_003613,0
req_003614,0
req_003615,0
req_003616,0
req_003617,0
req_003618,0
req_003619,0
req_003620,0
req_003621,0
req_003622,1
req_003623,1
req_003624,0
req_003625,0
req_003626,0
req_003627,0
req_003628,0
req_003629,0
req_003630,0
req_003631,0
req_003632,0
req_003633,0
req_003634,1
req_003635,1
req_003636,0
req_003637,0
req_003638,0
req_003639,1
req_003640,0
req_003641,0
req_003642,0
req_003643,1
req_003644,0
req_003645,1
req_003646,0
req_003647,1
req_003648,0
req_003649,0
req_003650,1
req_003651,0
req_003652,1
req_003653,0
req_003654,0
req_003655,0
req_003656,0
req_003657,0
req_003658,0
req_003659,0
req_003660,1
req_003661,1
req_003662,0
req_003663,0
req_003664,0
req_003665,1
req_003666,1
req_003667,0
req_003668,1
req_003669,0
req_003670,0
req_003671,0
req_003672,0
req_003673,0
req_003674,0
req_003675,0
req_003676,0
req_003677,1
req_003678,0
req_003679,0
req_003680,1
req_003681,0
req_003682,0
req_003683,1
req_003684,1
req_003685,0
req_003686,0
req_003687,0
req_003688,0
req_003689,0
req_003690,0
req_003691,0
req_003692,0
req_003693,0
req_003694,0
req_003695,0
req_003696,0
req_003697,0
req_003698,0
req_003699,0
req_003700,0
req_003701,0
req_003702,0
req_003703,0
req_003704,0
req_003705,0
req_003706,0
req_003707,0
req_003708,0
req_003709,0
req_003710,1
req_003711,0
req_003712,0
req_003713,0
req_003714,0
req_003715,1
req_003716,1
req_003717,1
req_003718,0
req_003719,0
req_003720,0
req_003721,0
req_003722,0
req_003723,0
req_003724,0
req_003725,1
req_003726,0
req_003727,0
req_003728,0
req_003729,0
req_003730,0
req_003731,0
req_003732,0
req_003733,0
req_003734,1
req_003735,0
req_003736,0
req_003737,0
req_003738,1
req_003739,1
req_003740,0
req_003741,0
req_003742,0
req_003743,1
req_003744,0
req_003745,0
req_003746,0
req_003747,0
req_003748,0
req_003749,0
req_003750,0
req_003751,0
req_003752,0
req_003753,1
req_003754,0
req_003755,0
req_003756,1
req_003757,0
req_003758,0
req_003759,0
req_003760,0
req_003761,0
req_003762,0
req_003763,0
req_003764,1
req_003765,1
req_003766,0
req_003767,0
req_003768,0
req_003769,0
req_003770,1
req_003771,0
req_003772,0
req_003773,0
req_003774,0
req_003775,0
req_003776,0
req_003777,0
req_003778,1
req_003779,0
req_003780,0
req_003781,0
req_003782,1
req_003783,0
req_003784,0
req_003785,0
req_003786,0
req_003787,0
req_003788,0
req_003789,1
req_003790,0
req_003791,1
req_003792,0
req_003793,0
req_003794,0
req_003795,0
req_003796,0
req_003797,1
req_003798,1
req_003799,0
req_003800,0
req_003801,0
req_003802,0
req_003803,1
req_003804,0
req_003805,1
req_003806,0
req_003807,0
req_003808,0
req_003809,0
req_003810,1
req_003811,0
req_003812,0
req_003813,0
req_003814,0
req_003815,0
req_003816,1
req_003817,0
req_003818,0
req_003819,0
req_003820,0
req_003821,0
req_003822,0
req_003823,0
req_003824,1
req_003825,0
req_003826,1
req_003827,0
req_003828,0
req_003829,0
req_003830,0
req_003831,0
req_003832,1
req_003833,0
req_003834,0
req_003835,0
req_003836,0
req_003837,0
req_003838,0
req_003839,1
req_003840,0
req_003841,1
req_003842,0
req_003843,1
req_003844,0
req_003845,0
req_003846,0
req_003847,0
req_003848,0
req_003849,1
req_003850,0
req_003851,0
req_003852,0
req_003853,0
req_003854,1
req_003855,0
req_003856,1
req_003857,0
req_003858,1
req_003859,0
req_003860,1
req_003861,0
req_003862,0
req_003863,0
req_003864,1
req_003865,1
req_003866,0
req_003867,0
req_003868,0
req_003869,0
req_003870,0
req_003871,0
req_003872,0
req_003873,1
req_003874,1
req_003875,0
req_003876,0
req_003877,0
req_003878,1
req_003879,1
req_003880,0
req_003881,0
req_003882,0
req_003883,0
req_003884,0
req_003885,0
req_003886,0
req_003887,0
req_003888,0
req_003889,0
req_003890,0
req_003891,0
req_003892,1
req_003893,0
req_003894,0
req_003895,1
req_003896,1
req_003897,0
req_003898,0
req_003899,0
req_003900,0
req_003901,0
req_003902,1
req_003903,0
req_003904,0
req_003905,1
req_003906,1
req_003907,0
req_003908,0
req_003909,0
req_003910,0
req_003911,0
req_003912,0
req_003913,0
req_003914,0
req_003915,0
req_003916,1
req_003917,0
req_003918,0
req_003919,0
req_003920,0
req_003921,0
req_003922,1
req_003923,0
req_003924,0
req_003925,1
req_003926,1
req_003927,0
req_003928,0
req_003929,0
req_003930,1
req_003931,0
req_003932,0
req_003933,1
req_003934,0
req_003935,0
req_003936,0
req_003937,0
req_003938,1
req_003939,0
req_003940,0
req_003941,0
req_003942,0
req_003943,0
req_003944,0
req_003945,0
req_003946,1
req_003947,0
req_003948,0
req_003949,0
req_003950,0
req_003951,0
req_003952,1
req_003953,0
req_003954,1
req_003955,1
req_003956,0
req_003957,0
req_003958,1
req_003959,0
req_003960,1
req_003961,0
req_003962,0
req_003963,0
req_003964,0
req_003965,0
req_003966,0
req_003967,0
req_003968,0
req_003969,0
req_003970,0
req_003971,0
req_003972,0
req_003973,1
req_003974,1
req_003975,0
req_003976,1
req_003977,0
req_003978,0
req_003979,0
req_003980,0
req_003981,0
req_003982,0
req_003983,0
req_003984,0
req_003985,0
req_003986,0
req_003987,0
req_003988,0
req_003989,0
req_003990,0
req_003991,0
req_003992,0
req_003993,0
req_003994,1
req_003995,0
req_003996,1
req_003997,0
req_003998,0
req_003999,0
req_004000,0
req_004001,0
req_004002,0
req_004003,1
req_004004,0
req_004005,0
req_004006,0
req_004007,0
req_004008,0
req_004009,0
req_004010,0
req_004011,0
req_004012,0
req_004013,1
req_004014,1
req_004015,0
req_004016,0
req_004017,0
req_004018,0
req_004019,0
req_004020,1
req_004021,0
req_004022,1
req_004023,0
req_004024,0
req_004025,1
req_004026,1
req_004027,0
req_004028,0
req_004029,0
req_004030,0
req_004031,0
req_004032,0
req_004033,0
req_004034,1
req_004035,1
req_004036,0
req_004037,0
req_004038,0
req_004039,0
req_004040,0
req_004041,0
req_004042,0
req_004043,0
req_004044,0
req_004045,0
req_004046,1
req_004047,0
req_004048,0
req_004049,1
req_004050,0
req_004051,0
req_004052,0
req_004053,0
req_004054,0
req_004055,1
req_004056,0
req_004057,0
req_004058,1
req_004059,0
req_004060,1
req_004061,1
req_004062,0
req_004063,0
req_004064,0
req_004065,0
req_004066,0
req_004067,0
req_004068,0
req_004069,1
req_004070,0
req_004071,1
req_004072,0
req_004073,0
req_004074,1
req_004075,0
req_004076,0
req_004077,1
req_004078,1
req_004079,0
req_004080,1
req_004081,0
req_004082,0
req_004083,0
req_004084,0
req_004085,0
req_004086,1
req_004087,0
req_004088,0
req_004089,1
req_004090,0
req_004091,0
req_004092,0
req_004093,1
req_004094,0
req_004095,0
req_004096,0
req_004097,0
req_004098,0
req_004099,1
req_004100,1
req_004101,0
req_004102,0
req_004103,1
req_004104,1
req_004105,1
req_004106,0
req_004107,0
req_004108,0
req_004109,0
req_004110,0
req_004111,0
req_004112,1
req_004113,0
req_004114,0
req_004115,0
req_004116,0
req_004117,0
req_004118,0
req_004119,0
req_004120,0
req_004121,0
req_004122,0
req_004123,0
req_004124,1
req_004125,0
req_004126,0
req_004127,0
req_004128,0
req_004129,0
req_004130,0
req_004131,0
req_004132,0
req_004133,0
req_004134,0
req_004135,0
req_004136,1
req_004137,0
req_004138,1
req_004139,0
req_004140,0
req_004141,0
req_004142,1
req_004143,0
req_004144,1
req_004145,0
req_004146,0
req_004147,0
req_004148,0
req_004149,0
req_004150,0
req_004151,1
req_004152,1
req_004153,1
req_004154,0
req_004155,0
req_004156,0
req_004157,0
req_004158,1
req_004159,1
req_004160,0
req_004161,0
req_004162,0
req_004163,0
req_004164,0
req_004165,0
req_004166,0
req_004167,1
req_004168,0
req_004169,0
req_004170,1
req_004171,0
req_004172,0
req_004173,1
req_004174,1
req_004175,0
req_004176,0
req_004177,0
req_004178,1
req_004179,0
req_004180,1
req_004181,0
req_004182,0
req_004183,0
req_004184,1
req_004185,0
req_004186,1
req_004187,0
req_004188,0
req_004189,0
req_004190,0
req_004191,0
req_004192,0
req_004193,1
req_004194,0
req_004195,0
req_004196,0
req_004197,0
req_004198,1
req_004199,0
req_004200,1
req_004201,1
req_004202,1
req_004203,0
req_004204,0
req_004205,0
req_004206,0
req_004207,1
req_004208,0
req_004209,0
req_004210,1
req_004211,0
req_004212,0
req_004213,0
req_004214,0
req_004215,1
req_004216,0
req_004217,0
req_004218,0
req_004219,0
req_004220,0
req_004221,0
req_004222,0
req_004223,0
req_004224,0
req_004225,1
req_004226,0
req_004227,0
req_004228,0
req_004229,0
req_004230,1
req_004231,0
req_004232,1
req_004233,0
req_004234,1
req_004235,0
req_004236,1
req_004237,0
req_004238,1
req_004239,1
req_004240,0
req_004241,0
req_004242,0
req_004243,0
req_004244,0
req_004245,0
req_004246,0
req_004247,0
req_004248,0
req_004249,0
req_004250,0
req_004251,0
req_004252,1
req_004253,0
req_004254,0
req_004255,1
req_004256,0
req_004257,0
req_004258,0
req_004259,0
req_004260,0
req_004261,0
req_004262,0
req_004263,1
req_004264,0
req_004265,1
req_004266,1
req_004267,1
req_004268,0
req_004269,0
req_004270,0
req_004271,1
req_004272,0
req_004273,0
req_004274,0
req_004275,0
req_004276,0
req_004277,1
req_004278,0
req_004279,0
req_004280,1
req_004281,1
req_004282,1
req_004283,0
req_004284,1
req_004285,0
req_004286,0
req_004287,0
req_004288,0
req_004289,0
req_004290,0
req_004291,1
req_004292,1
req_004293,0
req_004294,0
req_004295,0
req_004296,0
req_004297,1
req_004298,0
req_004299,1
req_004300,1
req_004301,0
req_004302,0
req_004303,0
req_004304,0
req_004305,0
req_004306,0
req_004307,0
req_004308,1
req_004309,1
req_004310,1
req_004311,0
req_004312,0
req_004313,1
req_004314,0
req_004315,0
req_004316,0
req_004317,1
req_004318,1
req_004319,0
req_004320,0
req_004321,1
req_004322,1
req_004323,0
req_004324,1
req_004325,0
req_004326,0
req_004327,1
req_004328,0
req_004329,0
req_004330,0
req_004331,0
req_004332,0
req_004333,1
req_004334,0
req_004335,1
req_004336,1
req_004337,1
req_004338,1
req_004339,1
req_004340,0
req_004341,0
req_004342,0
req_004343,0
req_004344,0
req_004345,0
req_004346,0
req_004347,1
req_004348,0
req_004349,0
req_004350,0
req_004351,0
req_004352,1
req_004353,0
req_004354,0
req_004355,0
req_004356,1
req_004357,0
req_004358,1
req_004359,0
req_004360,1
req_004361,0
req_004362,0
req_004363,0
req_004364,1
req_004365,0
req_004366,0
req_004367,0
req_004368,1
req_004369,0
req_004370,0
req_004371,0
req_004372,0
req_004373,1
req_004374,0
req_004375,0
req_004376,0
req_004377,1
req_004378,0
req_004379,0
req_004380,1
req_004381,1
req_004382,1
req_004383,0
req_004384,0
req_004385,0
req_004386,0
req_004387,0
req_004388,1
req_004389,0
req_004390,0
req_004391,0
req_004392,0
req_004393,0
req_004394,0
req_004395,0
req_004396,0
req_004397,1
req_004398,0
req_004399,1
req_004400,1
req_004401,0
req_004402,0
req_004403,0
req_004404,0
req_004405,0
req_004406,0
req_004407,0
req_004408,0
req_004409,0
req_004410,1
req_004411,0
req_004412,0
req_004413,0
req_004414,1
req_004415,0
req_004416,1
req_004417,0
req_004418,1
req_004419,1
req_004420,0
req_004421,1
req_004422,1
req_004423,0
req_004424,1
req_004425,1
req_004426,1
req_004427,0
req_004428,0
req_004429,0
req_004430,0
req_004431,0
req_004432,0
req_004433,0
req_004434,0
req_004435,1
req_004436,1
req_004437,0
req_004438,0
req_004439,0
req_004440,0
req_004441,1
req_004442,0
req_004443,0
req_004444,0
req_004445,0
req_004446,0
req_004447,1
req_004448,0
req_004449,0
req_004450,1
req_004451,1
req_004452,1
req_004453,0
req_004454,1
req_004455,0
req_004456,1
req_004457,0
req_004458,0
req_004459,0
req_004460,1
req_004461,0
req_004462,0
req_004463,0
req_004464,0
req_004465,0
req_004466,0
req_004467,1
req_004468,0
req_004469,0
req_004470,0
req_004471,0
req_004472,1
req_004473,0
req_004474,0
req_004475,1
req_004476,1
req_004477,0
req_004478,0
req_004479,0
req_004480,0
req_004481,0
req_004482,0
req_004483,0
req_004484,0
req_004485,0
req_004486,0
req_004487,0
req_004488,0
req_004489,0
req_004490,1
req_004491,1
req_004492,1
req_004493,1
req_004494,1
req_004495,0
req_004496,0
req_004497,0
req_004498,0
req_004499,0
req_004500,0
req_004501,0
req_004502,0
req_004503,0
req_004504,0
req_004505,0
req_004506,1
req_004507,0
req_004508,0
req_004509,0
req_004510,1
req_004511,0
req_004512,0
req_004513,1
req_004514,1
req_004515,0
req_004516,0
req_004517,0
req_004518,0
req_004519,1
req_004520,0
req_004521,1
req_004522,0
req_004523,0
req_004524,0
req_004525,0
req_004526,1
req_004527,0
req_004528,1
req_004529,1
req_004530,0
req_004531,1
req_004532,0
req_004533,0
req_004534,1
req_004535,0
req_004536,1
req_004537,0
req_004538,0
req_004539,1
req_004540,1
req_004541,0
req_004542,0
req_004543,0
req_004544,0
req_004545,0
req_004546,1
req_004547,0
req_004548,0
req_004549,0
req_004550,1
req_004551,0
req_004552,0
req_004553,1
req_004554,1
req_004555,0
req_004556,0
req_004557,0
req_004558,0
req_004559,0
req_004560,0
req_004561,0
req_004562,0
req_004563,0
req_004564,0
req_004565,0
req_004566,1
req_004567,0
req_004568,1
req_004569,0
req_004570,0
req_004571,1
req_004572,0
req_004573,0
req_004574,1
req_004575,0
req_004576,0
req_004577,1
req_004578,0
req_004579,1
req_004580,1
req_004581,0
req_004582,0
req_004583,0
req_004584,1
req_004585,0
req_004586,0
req_004587,0
req_004588,0
req_004589,0
req_004590,0
req_004591,0
req_004592,1
req_004593,0
req_004594,0
req_004595,1
req_004596,1
req_004597,0
req_004598,0
req_004599,0
req_004600,0
req_004601,0
req_004602,0
req_004603,1
req_004604,0
req_004605,0
req_004606,0
req_004607,0
req_004608,1
req_004609,1
req_004610,0
req_004611,0
req_004612,0
req_004613,0
req_004614,0
req_004615,0
req_004616,0
req_004617,0
req_004618,0
req_004619,0
req_004620,0
req_004621,0
req_004622,0
req_004623,0
req_004624,0
req_004625,0
req_004626,0
req_004627,1
req_004628,0
req_004629,1
req_004630,0
req_004631,1
req_004632,1
req_004633,0
req_004634,0
req_004635,1
req_004636,0
req_004637,0
req_004638,1
req_004639,0
req_004640,0
req_004641,1
req_004642,0
req_004643,0
req_004644,0
req_004645,0
req_004646,0
req_004647,1
req_004648,0
req_004649,0
req_004650,1
req_004651,0
req_004652,0
req_004653,1
req_004654,0
req_004655,0
req_004656,0
req_004657,0
req_004658,1
req_004659,0
req_004660,1
req_004661,1
req_004662,0
req_004663,1
req_004664,0
req_004665,0
req_004666,0
req_004667,0
req_004668,1
req_004669,1
req_004670,0
req_004671,0
req_004672,0
req_004673,1
req_004674,0
req_004675,0
req_004676,0
req_004677,1
req_004678,0
req_004679,0
req_004680,0
req_004681,0
req_004682,1
req_004683,0
req_004684,1
req_004685,0
req_004686,1
req_004687,0
req_004688,0
req_004689,0
req_004690,1
req_004691,1
req_004692,0
req_004693,0
req_004694,1
req_004695,0
req_004696,0
req_004697,0
req_004698,1
req_004699,0
req_004700,0
req_004701,0
req_004702,0
req_004703,0
req_004704,0
req_004705,0
req_004706,0
req_004707,0
req_004708,1
req_004709,0
req_004710,1
req_004711,0
req_004712,0
req_004713,0
req_004714,0
req_004715,0
req_004716,0
req_004717,0
req_004718,0
req_004719,1
req_004720,0
req_004721,1
req_004722,0
req_004723,0
req_004724,1
req_004725,0
req_004726,0
req_004727,0
req_004728,0
req_004729,0
req_004730,0
req_004731,0
req_004732,0
req_004733,0
req_004734,0
req_004735,1
req_004736,0
req_004737,1
req_004738,0
req_004739,1
req_004740,0
req_004741,0
req_004742,1
req_004743,0
req_004744,0
req_004745,0
req_004746,0
req_004747,1
req_004748,0
req_004749,0
req_004750,0
req_004751,0
req_004752,0
req_004753,0
req_004754,0
req_004755,0
req_004756,0
req_004757,0
req_004758,0
req_004759,0
req_004760,0
req_004761,0
req_004762,1
req_004763,0
req_004764,1
req_004765,0
req_004766,0
req_004767,1
req_004768,1
req_004769,1
req_004770,0
req_004771,1
req_004772,0
req_004773,0
req_004774,0
req_004775,0
req_004776,0
req_004777,0
req_004778,0
req_004779,1
req_004780,0
req_004781,0
req_004782,0
req_004783,1
req_004784,0
req_004785,0
req_004786,0
req_004787,0
req_004788,1
req_004789,0
req_004790,0
req_004791,0
req_004792,1
req_004793,0
req_004794,1
req_004795,0
req_004796,0
req_004797,1
req_004798,0
req_004799,1
req_004800,0
req_004801,0
req_004802,0
req_004803,1
req_004804,1
req_004805,0
req_004806,0
req_004807,0
req_004808,0
req_004809,0
req_004810,0
req_004811,0
req_004812,0
req_004813,0
req_004814,0
req_004815,0
req_004816,0
req_004817,0
req_004818,0
req_004819,0
req_004820,1
req_004821,1
req_004822,0
req_004823,0
req_004824,1
req_004825,0
req_004826,1
req_004827,0
req_004828,1
req_004829,0
req_004830,0
req_004831,1
req_004832,0
req_004833,0
req_004834,0
req_004835,0
req_004836,0
req_004837,0
req_004838,0
req_004839,0
req_004840,0
req_004841,0
req_004842,0
req_004843,1
req_004844,0
req_004845,0
req_004846,0
req_004847,1
req_004848,0
req_004849,0
req_004850,0
req_004851,1
req_004852,0
req_004853,1
req_004854,0
req_004855,0
req_004856,0
req_004857,0
req_004858,0
req_004859,0
req_004860,0
req_004861,1
req_004862,0
req_004863,0
req_004864,0
req_004865,0
req_004866,0
req_004867,0
req_004868,0
req_004869,1
req_004870,0
req_004871,0
req_004872,0
req_004873,0
req_004874,0
req_004875,0
req_004876,0
req_004877,0
req_004878,0
req_004879,0
req_004880,0
req_004881,0
req_004882,0
req_004883,1
req_004884,0
req_004885,0
req_004886,0
req_004887,1
req_004888,0
req_004889,0
req_004890,0
req_004891,0
req_004892,1
req_004893,0
req_004894,0
req_004895,0
req_004896,0
req_004897,1
req_004898,1
req_004899,0
req_004900,0
req_004901,1
req_004902,0
req_004903,0
req_004904,0
req_004905,1
req_004906,0
req_004907,0
req_004908,0
req_004909,1
req_004910,0
req_004911,0
req_004912,1
req_004913,0
req_004914,0
req_004915,1
req_004916,0
req_004917,1
req_004918,0
req_004919,1
req_004920,0
req_004921,0
req_004922,0
req_004923,0
req_004924,0
req_004925,1
req_004926,0
req_004927,1
req_004928,0
req_004929,0
req_004930,0
req_004931,0
req_004932,0
req_004933,0
req_004934,1
req_004935,0
req_004936,0
req_004937,0
req_004938,0
req_004939,1
req_004940,0
req_004941,0
req_004942,1
req_004943,1
req_004944,1
req_004945,0
req_004946,1
req_004947,1
req_004948,0
req_004949,0
req_004950,0
req_004951,0
req_004952,1
req_004953,0
req_004954,0
req_004955,0
req_004956,0
req_004957,0
req_004958,1
req_004959,0
req_004960,1
req_004961,1
req_004962,0
req_004963,0
req_004964,1
req_004965,0
req_004966,1
req_004967,0
req_004968,0
req_004969,0
req_004970,0
req_004971,1
req_004972,0
req_004973,0
req_004974,0
req_004975,0
req_004976,1
req_004977,1
req_004978,1
req_004979,1
req_004980,1
req_004981,0
req_004982,0
req_004983,1
req_004984,0
req_004985,0
req_004986,0
req_004987,0
req_004988,1
req_004989,0
req_004990,0
req_004991,0
req_004992,0
req_004993,0
req_004994,0
req_004995,0
req_004996,0
req_004997,0
req_004998,1
req_004999,0
req_005000,0
